[{"model": "admin.logentry", "pk": 1, "fields": {"action_time": "2021-08-15T19:32:07.778Z", "user": 1, "content_type": 7, "object_id": "1", "object_repr": "Post object (1)", "action_flag": 1, "change_message": "[{\"added\": {}}]"}}, {"model": "admin.logentry", "pk": 2, "fields": {"action_time": "2021-08-15T20:42:14.651Z", "user": 1, "content_type": 8, "object_id": "1", "object_repr": "Comment object (1)", "action_flag": 1, "change_message": "[{\"added\": {}}]"}}, {"model": "admin.logentry", "pk": 3, "fields": {"action_time": "2021-08-16T15:38:36.726Z", "user": 1, "content_type": 9, "object_id": "1", "object_repr": "Train Like A Beast", "action_flag": 1, "change_message": "[{\"added\": {}}]"}}, {"model": "admin.logentry", "pk": 4, "fields": {"action_time": "2021-08-16T15:39:55.111Z", "user": 1, "content_type": 9, "object_id": "2", "object_repr": "Eat Carefully", "action_flag": 1, "change_message": "[{\"added\": {}}]"}}, {"model": "admin.logentry", "pk": 5, "fields": {"action_time": "2021-08-16T15:40:46.857Z", "user": 1, "content_type": 9, "object_id": "3", "object_repr": "Look Like A Beauty", "action_flag": 1, "change_message": "[{\"added\": {}}]"}}, {"model": "admin.logentry", "pk": 6, "fields": {"action_time": "2021-08-16T15:50:44.826Z", "user": 1, "content_type": 10, "object_id": "1", "object_repr": "Cardio And Weights", "action_flag": 1, "change_message": "[{\"added\": {}}]"}}, {"model": "admin.logentry", "pk": 7, "fields": {"action_time": "2021-08-16T15:51:57.130Z", "user": 1, "content_type": 10, "object_id": "2", "object_repr": "Muscle Building", "action_flag": 1, "change_message": "[{\"added\": {}}]"}}, {"model": "admin.logentry", "pk": 8, "fields": {"action_time": "2021-08-16T15:54:09.603Z", "user": 1, "content_type": 10, "object_id": "3", "object_repr": "Personal Training", "action_flag": 1, "change_message": "[{\"added\": {}}]"}}, {"model": "admin.logentry", "pk": 9, "fields": {"action_time": "2021-08-16T15:55:27.523Z", "user": 1, "content_type": 10, "object_id": "4", "object_repr": "Group Fitness", "action_flag": 1, "change_message": "[{\"added\": {}}]"}}, {"model": "admin.logentry", "pk": 10, "fields": {"action_time": "2021-08-16T15:57:10.423Z", "user": 1, "content_type": 10, "object_id": "5", "object_repr": "Love Birds", "action_flag": 1, "change_message": "[{\"added\": {}}]"}}, {"model": "admin.logentry", "pk": 11, "fields": {"action_time": "2021-08-16T15:57:45.470Z", "user": 1, "content_type": 10, "object_id": "6", "object_repr": "Food And Nutrition", "action_flag": 1, "change_message": "[{\"added\": {}}]"}}, {"model": "admin.logentry", "pk": 12, "fields": {"action_time": "2021-08-16T16:02:49.865Z", "user": 1, "content_type": 11, "object_id": "1", "object_repr": "Muscle Building Faculty", "action_flag": 1, "change_message": "[{\"added\": {}}]"}}, {"model": "admin.logentry", "pk": 13, "fields": {"action_time": "2021-08-16T16:03:28.103Z", "user": 1, "content_type": 11, "object_id": "2", "object_repr": "Yoga Faculty", "action_flag": 1, "change_message": "[{\"added\": {}}]"}}, {"model": "admin.logentry", "pk": 14, "fields": {"action_time": "2021-08-16T16:04:14.515Z", "user": 1, "content_type": 11, "object_id": "3", "object_repr": "Cardio And Weights Faculty", "action_flag": 1, "change_message": "[{\"added\": {}}]"}}, {"model": "admin.logentry", "pk": 15, "fields": {"action_time": "2021-08-16T16:05:29.901Z", "user": 1, "content_type": 11, "object_id": "4", "object_repr": "Muscle Building Faculty", "action_flag": 1, "change_message": "[{\"added\": {}}]"}}, {"model": "admin.logentry", "pk": 16, "fields": {"action_time": "2021-08-16T16:06:02.066Z", "user": 1, "content_type": 11, "object_id": "5", "object_repr": "Yoga Faculty", "action_flag": 1, "change_message": "[{\"added\": {}}]"}}, {"model": "admin.logentry", "pk": 17, "fields": {"action_time": "2021-08-16T16:06:55.283Z", "user": 1, "content_type": 11, "object_id": "6", "object_repr": "Nutrition Faculty", "action_flag": 1, "change_message": "[{\"added\": {}}]"}}, {"model": "admin.logentry", "pk": 18, "fields": {"action_time": "2021-08-16T16:08:56.274Z", "user": 1, "content_type": 12, "object_id": "1", "object_repr": "Geralld Sergio", "action_flag": 1, "change_message": "[{\"added\": {}}]"}}, {"model": "admin.logentry", "pk": 19, "fields": {"action_time": "2021-08-16T16:09:33.359Z", "user": 1, "content_type": 12, "object_id": "2", "object_repr": "Indian Man", "action_flag": 1, "change_message": "[{\"added\": {}}]"}}, {"model": "admin.logentry", "pk": 20, "fields": {"action_time": "2021-08-16T16:10:02.795Z", "user": 1, "content_type": 12, "object_id": "3", "object_repr": "Jaden Rollins", "action_flag": 1, "change_message": "[{\"added\": {}}]"}}, {"model": "admin.logentry", "pk": 21, "fields": {"action_time": "2021-08-16T16:10:45.887Z", "user": 1, "content_type": 12, "object_id": "4", "object_repr": "Emilly Jacobs", "action_flag": 1, "change_message": "[{\"added\": {}}]"}}, {"model": "admin.logentry", "pk": 22, "fields": {"action_time": "2021-08-16T16:12:37.762Z", "user": 1, "content_type": 13, "object_id": "1", "object_repr": "2021", "action_flag": 1, "change_message": "[{\"added\": {}}]"}}, {"model": "admin.logentry", "pk": 23, "fields": {"action_time": "2021-08-16T16:16:51.691Z", "user": 1, "content_type": 7, "object_id": "2", "object_repr": "Post object (2)", "action_flag": 1, "change_message": "[{\"added\": {}}]"}}, {"model": "admin.logentry", "pk": 24, "fields": {"action_time": "2021-08-16T16:18:14.460Z", "user": 1, "content_type": 7, "object_id": "3", "object_repr": "Post object (3)", "action_flag": 1, "change_message": "[{\"added\": {}}]"}}, {"model": "admin.logentry", "pk": 25, "fields": {"action_time": "2021-08-16T16:22:40.413Z", "user": 1, "content_type": 7, "object_id": "4", "object_repr": "Post object (4)", "action_flag": 1, "change_message": "[{\"added\": {}}]"}}, {"model": "admin.logentry", "pk": 26, "fields": {"action_time": "2021-08-16T18:45:57.151Z", "user": 1, "content_type": 7, "object_id": "4", "object_repr": "Post object (4)", "action_flag": 2, "change_message": "[{\"changed\": {\"fields\": [\"Image\"]}}]"}}, {"model": "admin.logentry", "pk": 27, "fields": {"action_time": "2021-08-16T18:46:47.040Z", "user": 1, "content_type": 7, "object_id": "4", "object_repr": "Post object (4)", "action_flag": 2, "change_message": "[{\"changed\": {\"fields\": [\"Image\"]}}]"}}, {"model": "admin.logentry", "pk": 28, "fields": {"action_time": "2021-08-23T20:36:53.614Z", "user": 1, "content_type": 19, "object_id": "2", "object_repr": "hp", "action_flag": 2, "change_message": "[{\"changed\": {\"fields\": [\"Slug\"]}}]"}}, {"model": "admin.logentry", "pk": 29, "fields": {"action_time": "2021-08-24T04:10:10.569Z", "user": 1, "content_type": 8, "object_id": "12", "object_repr": "Comment object (12)", "action_flag": 1, "change_message": "[{\"added\": {}}]"}}, {"model": "admin.logentry", "pk": 30, "fields": {"action_time": "2021-08-24T11:32:10.779Z", "user": 1, "content_type": 19, "object_id": "5", "object_repr": "Habe", "action_flag": 1, "change_message": "[{\"added\": {}}]"}}, {"model": "admin.logentry", "pk": 31, "fields": {"action_time": "2021-08-24T12:14:00.024Z", "user": 1, "content_type": 19, "object_id": "5", "object_repr": "Habe", "action_flag": 3, "change_message": ""}}, {"model": "admin.logentry", "pk": 32, "fields": {"action_time": "2021-08-24T12:14:00.203Z", "user": 1, "content_type": 19, "object_id": "4", "object_repr": "hp", "action_flag": 3, "change_message": ""}}, {"model": "admin.logentry", "pk": 33, "fields": {"action_time": "2021-08-24T12:14:00.339Z", "user": 1, "content_type": 19, "object_id": "3", "object_repr": "Hadewale", "action_flag": 3, "change_message": ""}}, {"model": "admin.logentry", "pk": 34, "fields": {"action_time": "2021-08-24T12:14:00.517Z", "user": 1, "content_type": 19, "object_id": "2", "object_repr": "hp", "action_flag": 3, "change_message": ""}}, {"model": "admin.logentry", "pk": 35, "fields": {"action_time": "2021-08-24T12:14:00.797Z", "user": 1, "content_type": 19, "object_id": "1", "object_repr": "hp", "action_flag": 3, "change_message": ""}}, {"model": "admin.logentry", "pk": 36, "fields": {"action_time": "2021-08-25T02:28:14.449Z", "user": 1, "content_type": 19, "object_id": "10", "object_repr": "Habeeb", "action_flag": 1, "change_message": "[{\"added\": {}}]"}}, {"model": "admin.logentry", "pk": 37, "fields": {"action_time": "2021-08-25T22:05:41.871Z", "user": 1, "content_type": 19, "object_id": "12", "object_repr": "Hadewale", "action_flag": 3, "change_message": ""}}, {"model": "admin.logentry", "pk": 38, "fields": {"action_time": "2021-08-25T22:05:42.018Z", "user": 1, "content_type": 19, "object_id": "11", "object_repr": "hp", "action_flag": 3, "change_message": ""}}, {"model": "admin.logentry", "pk": 39, "fields": {"action_time": "2021-08-25T22:05:42.286Z", "user": 1, "content_type": 19, "object_id": "10", "object_repr": "Habeeb", "action_flag": 3, "change_message": ""}}, {"model": "admin.logentry", "pk": 40, "fields": {"action_time": "2021-08-25T22:05:42.456Z", "user": 1, "content_type": 19, "object_id": "9", "object_repr": "Hadewale", "action_flag": 3, "change_message": ""}}, {"model": "admin.logentry", "pk": 41, "fields": {"action_time": "2021-08-25T22:05:42.654Z", "user": 1, "content_type": 19, "object_id": "8", "object_repr": "hp", "action_flag": 3, "change_message": ""}}, {"model": "admin.logentry", "pk": 42, "fields": {"action_time": "2021-08-25T22:05:42.983Z", "user": 1, "content_type": 19, "object_id": "7", "object_repr": "hp", "action_flag": 3, "change_message": ""}}, {"model": "admin.logentry", "pk": 43, "fields": {"action_time": "2021-08-25T22:05:43.533Z", "user": 1, "content_type": 19, "object_id": "6", "object_repr": "hp", "action_flag": 3, "change_message": ""}}, {"model": "admin.logentry", "pk": 44, "fields": {"action_time": "2021-08-25T23:38:48.795Z", "user": 1, "content_type": 18, "object_id": "3", "object_repr": "Replies object (3)", "action_flag": 1, "change_message": "[{\"added\": {}}]"}}, {"model": "admin.logentry", "pk": 45, "fields": {"action_time": "2021-09-04T18:01:44.606Z", "user": 1, "content_type": 4, "object_id": "5", "object_repr": "Habe", "action_flag": 3, "change_message": ""}}, {"model": "admin.logentry", "pk": 46, "fields": {"action_time": "2021-09-04T18:01:45.022Z", "user": 1, "content_type": 4, "object_id": "4", "object_repr": "Habee", "action_flag": 3, "change_message": ""}}, {"model": "admin.logentry", "pk": 47, "fields": {"action_time": "2021-09-04T18:01:45.159Z", "user": 1, "content_type": 4, "object_id": "3", "object_repr": "Habeeb", "action_flag": 3, "change_message": ""}}, {"model": "admin.logentry", "pk": 48, "fields": {"action_time": "2021-09-04T18:01:45.310Z", "user": 1, "content_type": 4, "object_id": "2", "object_repr": "Hadewale", "action_flag": 3, "change_message": ""}}, {"model": "admin.logentry", "pk": 49, "fields": {"action_time": "2021-09-04T18:01:45.476Z", "user": 1, "content_type": 4, "object_id": "6", "object_repr": "wale", "action_flag": 3, "change_message": ""}}, {"model": "admin.logentry", "pk": 50, "fields": {"action_time": "2021-11-08T11:24:48.111Z", "user": 1, "content_type": 18, "object_id": "18", "object_repr": "2021-11-07 12:18:12.930697+00:00", "action_flag": 3, "change_message": ""}}, {"model": "admin.logentry", "pk": 51, "fields": {"action_time": "2021-11-08T11:24:48.294Z", "user": 1, "content_type": 18, "object_id": "17", "object_repr": "2021-11-07 12:17:34.429813+00:00", "action_flag": 3, "change_message": ""}}, {"model": "admin.logentry", "pk": 52, "fields": {"action_time": "2021-11-08T11:24:48.480Z", "user": 1, "content_type": 18, "object_id": "16", "object_repr": "2021-11-07 12:15:51.508763+00:00", "action_flag": 3, "change_message": ""}}, {"model": "admin.logentry", "pk": 53, "fields": {"action_time": "2021-11-08T11:24:48.673Z", "user": 1, "content_type": 18, "object_id": "15", "object_repr": "2021-11-07 05:22:32.215590+00:00", "action_flag": 3, "change_message": ""}}, {"model": "admin.logentry", "pk": 54, "fields": {"action_time": "2021-11-08T11:24:48.784Z", "user": 1, "content_type": 18, "object_id": "14", "object_repr": "2021-11-07 04:43:45.935987+00:00", "action_flag": 3, "change_message": ""}}, {"model": "admin.logentry", "pk": 55, "fields": {"action_time": "2021-11-08T11:24:48.901Z", "user": 1, "content_type": 18, "object_id": "13", "object_repr": "2021-09-20 21:17:39.925603+00:00", "action_flag": 3, "change_message": ""}}, {"model": "admin.logentry", "pk": 56, "fields": {"action_time": "2021-11-08T11:24:48.994Z", "user": 1, "content_type": 18, "object_id": "12", "object_repr": "2021-09-20 21:17:05.571822+00:00", "action_flag": 3, "change_message": ""}}, {"model": "admin.logentry", "pk": 57, "fields": {"action_time": "2021-11-08T11:24:49.192Z", "user": 1, "content_type": 18, "object_id": "11", "object_repr": "2021-09-04 17:58:33.096706+00:00", "action_flag": 3, "change_message": ""}}, {"model": "admin.logentry", "pk": 58, "fields": {"action_time": "2021-11-08T11:24:49.474Z", "user": 1, "content_type": 18, "object_id": "10", "object_repr": "2021-09-02 11:55:46.297457+00:00", "action_flag": 3, "change_message": ""}}, {"model": "admin.logentry", "pk": 59, "fields": {"action_time": "2021-11-08T11:24:49.607Z", "user": 1, "content_type": 18, "object_id": "8", "object_repr": "2021-08-27 03:18:15.458371+00:00", "action_flag": 3, "change_message": ""}}, {"model": "admin.logentry", "pk": 60, "fields": {"action_time": "2021-11-08T11:24:49.716Z", "user": 1, "content_type": 18, "object_id": "7", "object_repr": "2021-08-26 21:01:08.297005+00:00", "action_flag": 3, "change_message": ""}}, {"model": "admin.logentry", "pk": 61, "fields": {"action_time": "2021-11-08T11:24:49.876Z", "user": 1, "content_type": 18, "object_id": "6", "object_repr": "2021-08-26 21:00:39.832710+00:00", "action_flag": 3, "change_message": ""}}, {"model": "admin.logentry", "pk": 62, "fields": {"action_time": "2021-11-08T11:24:50.083Z", "user": 1, "content_type": 18, "object_id": "5", "object_repr": "2021-08-26 20:28:45.812492+00:00", "action_flag": 3, "change_message": ""}}, {"model": "admin.logentry", "pk": 63, "fields": {"action_time": "2021-11-08T11:24:50.274Z", "user": 1, "content_type": 18, "object_id": "4", "object_repr": "2021-08-26 20:28:28.084703+00:00", "action_flag": 3, "change_message": ""}}, {"model": "admin.logentry", "pk": 64, "fields": {"action_time": "2021-11-08T11:25:11.547Z", "user": 1, "content_type": 19, "object_id": "17", "object_repr": "Hadewale", "action_flag": 3, "change_message": ""}}, {"model": "admin.logentry", "pk": 65, "fields": {"action_time": "2021-11-08T11:25:11.722Z", "user": 1, "content_type": 19, "object_id": "16", "object_repr": "Hadewale", "action_flag": 3, "change_message": ""}}, {"model": "admin.logentry", "pk": 66, "fields": {"action_time": "2021-11-08T11:25:11.834Z", "user": 1, "content_type": 19, "object_id": "15", "object_repr": "Boss", "action_flag": 3, "change_message": ""}}, {"model": "admin.logentry", "pk": 67, "fields": {"action_time": "2021-11-08T11:25:11.978Z", "user": 1, "content_type": 19, "object_id": "13", "object_repr": "hp", "action_flag": 3, "change_message": ""}}, {"model": "admin.logentry", "pk": 68, "fields": {"action_time": "2021-11-08T12:13:45.192Z", "user": 1, "content_type": 19, "object_id": "18", "object_repr": "hp", "action_flag": 3, "change_message": ""}}, {"model": "admin.logentry", "pk": 69, "fields": {"action_time": "2021-11-08T12:15:24.199Z", "user": 1, "content_type": 19, "object_id": "19", "object_repr": "hp", "action_flag": 3, "change_message": ""}}, {"model": "auth.permission", "pk": 1, "fields": {"name": "Can add log entry", "content_type": 1, "codename": "add_logentry"}}, {"model": "auth.permission", "pk": 2, "fields": {"name": "Can change log entry", "content_type": 1, "codename": "change_logentry"}}, {"model": "auth.permission", "pk": 3, "fields": {"name": "Can delete log entry", "content_type": 1, "codename": "delete_logentry"}}, {"model": "auth.permission", "pk": 4, "fields": {"name": "Can view log entry", "content_type": 1, "codename": "view_logentry"}}, {"model": "auth.permission", "pk": 5, "fields": {"name": "Can add permission", "content_type": 2, "codename": "add_permission"}}, {"model": "auth.permission", "pk": 6, "fields": {"name": "Can change permission", "content_type": 2, "codename": "change_permission"}}, {"model": "auth.permission", "pk": 7, "fields": {"name": "Can delete permission", "content_type": 2, "codename": "delete_permission"}}, {"model": "auth.permission", "pk": 8, "fields": {"name": "Can view permission", "content_type": 2, "codename": "view_permission"}}, {"model": "auth.permission", "pk": 9, "fields": {"name": "Can add group", "content_type": 3, "codename": "add_group"}}, {"model": "auth.permission", "pk": 10, "fields": {"name": "Can change group", "content_type": 3, "codename": "change_group"}}, {"model": "auth.permission", "pk": 11, "fields": {"name": "Can delete group", "content_type": 3, "codename": "delete_group"}}, {"model": "auth.permission", "pk": 12, "fields": {"name": "Can view group", "content_type": 3, "codename": "view_group"}}, {"model": "auth.permission", "pk": 13, "fields": {"name": "Can add user", "content_type": 4, "codename": "add_user"}}, {"model": "auth.permission", "pk": 14, "fields": {"name": "Can change user", "content_type": 4, "codename": "change_user"}}, {"model": "auth.permission", "pk": 15, "fields": {"name": "Can delete user", "content_type": 4, "codename": "delete_user"}}, {"model": "auth.permission", "pk": 16, "fields": {"name": "Can view user", "content_type": 4, "codename": "view_user"}}, {"model": "auth.permission", "pk": 17, "fields": {"name": "Can add content type", "content_type": 5, "codename": "add_contenttype"}}, {"model": "auth.permission", "pk": 18, "fields": {"name": "Can change content type", "content_type": 5, "codename": "change_contenttype"}}, {"model": "auth.permission", "pk": 19, "fields": {"name": "Can delete content type", "content_type": 5, "codename": "delete_contenttype"}}, {"model": "auth.permission", "pk": 20, "fields": {"name": "Can view content type", "content_type": 5, "codename": "view_contenttype"}}, {"model": "auth.permission", "pk": 21, "fields": {"name": "Can add session", "content_type": 6, "codename": "add_session"}}, {"model": "auth.permission", "pk": 22, "fields": {"name": "Can change session", "content_type": 6, "codename": "change_session"}}, {"model": "auth.permission", "pk": 23, "fields": {"name": "Can delete session", "content_type": 6, "codename": "delete_session"}}, {"model": "auth.permission", "pk": 24, "fields": {"name": "Can view session", "content_type": 6, "codename": "view_session"}}, {"model": "auth.permission", "pk": 25, "fields": {"name": "Can add post", "content_type": 7, "codename": "add_post"}}, {"model": "auth.permission", "pk": 26, "fields": {"name": "Can change post", "content_type": 7, "codename": "change_post"}}, {"model": "auth.permission", "pk": 27, "fields": {"name": "Can delete post", "content_type": 7, "codename": "delete_post"}}, {"model": "auth.permission", "pk": 28, "fields": {"name": "Can view post", "content_type": 7, "codename": "view_post"}}, {"model": "auth.permission", "pk": 29, "fields": {"name": "Can add comment", "content_type": 8, "codename": "add_comment"}}, {"model": "auth.permission", "pk": 30, "fields": {"name": "Can change comment", "content_type": 8, "codename": "change_comment"}}, {"model": "auth.permission", "pk": 31, "fields": {"name": "Can delete comment", "content_type": 8, "codename": "delete_comment"}}, {"model": "auth.permission", "pk": 32, "fields": {"name": "Can view comment", "content_type": 8, "codename": "view_comment"}}, {"model": "auth.permission", "pk": 33, "fields": {"name": "Can add intros", "content_type": 9, "codename": "add_intros"}}, {"model": "auth.permission", "pk": 34, "fields": {"name": "Can change intros", "content_type": 9, "codename": "change_intros"}}, {"model": "auth.permission", "pk": 35, "fields": {"name": "Can delete intros", "content_type": 9, "codename": "delete_intros"}}, {"model": "auth.permission", "pk": 36, "fields": {"name": "Can view intros", "content_type": 9, "codename": "view_intros"}}, {"model": "auth.permission", "pk": 37, "fields": {"name": "Can add services", "content_type": 10, "codename": "add_services"}}, {"model": "auth.permission", "pk": 38, "fields": {"name": "Can change services", "content_type": 10, "codename": "change_services"}}, {"model": "auth.permission", "pk": 39, "fields": {"name": "Can delete services", "content_type": 10, "codename": "delete_services"}}, {"model": "auth.permission", "pk": 40, "fields": {"name": "Can view services", "content_type": 10, "codename": "view_services"}}, {"model": "auth.permission", "pk": 41, "fields": {"name": "Can add trainees", "content_type": 11, "codename": "add_trainees"}}, {"model": "auth.permission", "pk": 42, "fields": {"name": "Can change trainees", "content_type": 11, "codename": "change_trainees"}}, {"model": "auth.permission", "pk": 43, "fields": {"name": "Can delete trainees", "content_type": 11, "codename": "delete_trainees"}}, {"model": "auth.permission", "pk": 44, "fields": {"name": "Can view trainees", "content_type": 11, "codename": "view_trainees"}}, {"model": "auth.permission", "pk": 45, "fields": {"name": "Can add testimonials", "content_type": 12, "codename": "add_testimonials"}}, {"model": "auth.permission", "pk": 46, "fields": {"name": "Can change testimonials", "content_type": 12, "codename": "change_testimonials"}}, {"model": "auth.permission", "pk": 47, "fields": {"name": "Can delete testimonials", "content_type": 12, "codename": "delete_testimonials"}}, {"model": "auth.permission", "pk": 48, "fields": {"name": "Can view testimonials", "content_type": 12, "codename": "view_testimonials"}}, {"model": "auth.permission", "pk": 49, "fields": {"name": "Can add footer", "content_type": 13, "codename": "add_footer"}}, {"model": "auth.permission", "pk": 50, "fields": {"name": "Can change footer", "content_type": 13, "codename": "change_footer"}}, {"model": "auth.permission", "pk": 51, "fields": {"name": "Can delete footer", "content_type": 13, "codename": "delete_footer"}}, {"model": "auth.permission", "pk": 52, "fields": {"name": "Can view footer", "content_type": 13, "codename": "view_footer"}}, {"model": "auth.permission", "pk": 53, "fields": {"name": "Can add user post", "content_type": 14, "codename": "add_userpost"}}, {"model": "auth.permission", "pk": 54, "fields": {"name": "Can change user post", "content_type": 14, "codename": "change_userpost"}}, {"model": "auth.permission", "pk": 55, "fields": {"name": "Can delete user post", "content_type": 14, "codename": "delete_userpost"}}, {"model": "auth.permission", "pk": 56, "fields": {"name": "Can view user post", "content_type": 14, "codename": "view_userpost"}}, {"model": "auth.permission", "pk": 57, "fields": {"name": "Can add replies", "content_type": 15, "codename": "add_replies"}}, {"model": "auth.permission", "pk": 58, "fields": {"name": "Can change replies", "content_type": 15, "codename": "change_replies"}}, {"model": "auth.permission", "pk": 59, "fields": {"name": "Can delete replies", "content_type": 15, "codename": "delete_replies"}}, {"model": "auth.permission", "pk": 60, "fields": {"name": "Can view replies", "content_type": 15, "codename": "view_replies"}}, {"model": "auth.permission", "pk": 61, "fields": {"name": "Can add thread", "content_type": 14, "codename": "add_thread"}}, {"model": "auth.permission", "pk": 62, "fields": {"name": "Can change thread", "content_type": 14, "codename": "change_thread"}}, {"model": "auth.permission", "pk": 63, "fields": {"name": "Can delete thread", "content_type": 14, "codename": "delete_thread"}}, {"model": "auth.permission", "pk": 64, "fields": {"name": "Can view thread", "content_type": 14, "codename": "view_thread"}}, {"model": "auth.permission", "pk": 65, "fields": {"name": "Can add threads", "content_type": 16, "codename": "add_threads"}}, {"model": "auth.permission", "pk": 66, "fields": {"name": "Can change threads", "content_type": 16, "codename": "change_threads"}}, {"model": "auth.permission", "pk": 67, "fields": {"name": "Can delete threads", "content_type": 16, "codename": "delete_threads"}}, {"model": "auth.permission", "pk": 68, "fields": {"name": "Can view threads", "content_type": 16, "codename": "view_threads"}}, {"model": "auth.permission", "pk": 69, "fields": {"name": "Can add reply", "content_type": 17, "codename": "add_reply"}}, {"model": "auth.permission", "pk": 70, "fields": {"name": "Can change reply", "content_type": 17, "codename": "change_reply"}}, {"model": "auth.permission", "pk": 71, "fields": {"name": "Can delete reply", "content_type": 17, "codename": "delete_reply"}}, {"model": "auth.permission", "pk": 72, "fields": {"name": "Can view reply", "content_type": 17, "codename": "view_reply"}}, {"model": "auth.permission", "pk": 73, "fields": {"name": "Can add reply", "content_type": 18, "codename": "add_reply"}}, {"model": "auth.permission", "pk": 74, "fields": {"name": "Can change reply", "content_type": 18, "codename": "change_reply"}}, {"model": "auth.permission", "pk": 75, "fields": {"name": "Can delete reply", "content_type": 18, "codename": "delete_reply"}}, {"model": "auth.permission", "pk": 76, "fields": {"name": "Can view reply", "content_type": 18, "codename": "view_reply"}}, {"model": "auth.permission", "pk": 77, "fields": {"name": "Can add threads", "content_type": 19, "codename": "add_threads"}}, {"model": "auth.permission", "pk": 78, "fields": {"name": "Can change threads", "content_type": 19, "codename": "change_threads"}}, {"model": "auth.permission", "pk": 79, "fields": {"name": "Can delete threads", "content_type": 19, "codename": "delete_threads"}}, {"model": "auth.permission", "pk": 80, "fields": {"name": "Can view threads", "content_type": 19, "codename": "view_threads"}}, {"model": "auth.permission", "pk": 81, "fields": {"name": "Can add replies", "content_type": 18, "codename": "add_replies"}}, {"model": "auth.permission", "pk": 82, "fields": {"name": "Can change replies", "content_type": 18, "codename": "change_replies"}}, {"model": "auth.permission", "pk": 83, "fields": {"name": "Can delete replies", "content_type": 18, "codename": "delete_replies"}}, {"model": "auth.permission", "pk": 84, "fields": {"name": "Can view replies", "content_type": 18, "codename": "view_replies"}}, {"model": "auth.permission", "pk": 85, "fields": {"name": "Can add thread", "content_type": 19, "codename": "add_thread"}}, {"model": "auth.permission", "pk": 86, "fields": {"name": "Can change thread", "content_type": 19, "codename": "change_thread"}}, {"model": "auth.permission", "pk": 87, "fields": {"name": "Can delete thread", "content_type": 19, "codename": "delete_thread"}}, {"model": "auth.permission", "pk": 88, "fields": {"name": "Can view thread", "content_type": 19, "codename": "view_thread"}}, {"model": "auth.user", "pk": 1, "fields": {"password": "pbkdf2_sha256$260000$vuE9KktqnyDXI4X6MhNpxp$yv050eTj9F2kkMhFG3VcxmGHCV8JFXO3j2JZgkh3D7Q=", "last_login": "2022-08-06T15:31:21.557Z", "is_superuser": true, "username": "hp", "first_name": "", "last_name": "", "email": "a@a.com", "is_staff": true, "is_active": true, "date_joined": "2021-08-15T19:26:53.344Z", "groups": [], "user_permissions": []}}, {"model": "auth.user", "pk": 7, "fields": {"password": "pbkdf2_sha256$260000$EugRtj9x2jbvFmKwSlTuWR$NsdUDZsDfrk8vNR48kS72YureTmuDz8ZbgXKIWzcYxI=", "last_login": null, "is_superuser": false, "username": "User", "first_name": "", "last_name": "", "email": "adebimpehabeeb10@gmail.com", "is_staff": false, "is_active": true, "date_joined": "2021-09-02T01:39:55.176Z", "groups": [], "user_permissions": []}}, {"model": "auth.user", "pk": 8, "fields": {"password": "pbkdf2_sha256$260000$XAx6mgnvPrJu2zWX08LqNJ$b6CIMuqhpnS4uHQCvj76A6jnhlAAhMGHRRGSLOGThFs=", "last_login": "2021-09-02T11:35:31.481Z", "is_superuser": false, "username": "Meme", "first_name": "", "last_name": "", "email": "me@me.com", "is_staff": false, "is_active": true, "date_joined": "2021-09-02T11:35:11.227Z", "groups": [], "user_permissions": []}}, {"model": "auth.user", "pk": 9, "fields": {"password": "pbkdf2_sha256$260000$ou5Z0Rk0kwk0pXx6txbxwh$WmITvrIvWaavIyn2nzoCZzMz+GSonSsb9j8mJB409sQ=", "last_login": "2021-09-04T17:55:58.278Z", "is_superuser": false, "username": "Boss", "first_name": "", "last_name": "", "email": "b@b.com", "is_staff": false, "is_active": true, "date_joined": "2021-09-04T17:55:43.721Z", "groups": [], "user_permissions": []}}, {"model": "auth.user", "pk": 10, "fields": {"password": "pbkdf2_sha256$260000$JW4FVfiKs6xX1XNDD4DO0F$bmjE2nqFuRoKEjmHxgT/fwg3SFUjhtnRs35zUnxcvZk=", "last_login": "2022-03-02T15:59:01.004Z", "is_superuser": false, "username": "Hadewale", "first_name": "", "last_name": "", "email": "ampehabeeb10@gmail.com", "is_staff": false, "is_active": true, "date_joined": "2021-11-06T08:54:04.708Z", "groups": [], "user_permissions": []}}, {"model": "auth.user", "pk": 11, "fields": {"password": "pbkdf2_sha256$260000$o3Kg3rLJLhq3kjbqcQEFfI$ctnSfwAjz/oyOMB3UiwbGcusz5hs/J3f9fHTWVSVOWU=", "last_login": "2021-11-07T04:43:19.526Z", "is_superuser": false, "username": "Caleb", "first_name": "", "last_name": "", "email": "abeeb10@gmail.com", "is_staff": false, "is_active": true, "date_joined": "2021-11-07T04:42:14.549Z", "groups": [], "user_permissions": []}}, {"model": "auth.user", "pk": 12, "fields": {"password": "pbkdf2_sha256$260000$XsM0W715iFc2Wlf2qDsTfu$GyTj6kCNnVvtpIrhs9Q5LKGKBfG+vle1ylwYkLxGKZ8=", "last_login": "2021-12-09T16:53:36.182Z", "is_superuser": false, "username": "Unknown", "first_name": "", "last_name": "", "email": "adebimpehabeeb10@gmail.com", "is_staff": false, "is_active": true, "date_joined": "2021-12-09T16:53:20.903Z", "groups": [], "user_permissions": []}}, {"model": "auth.user", "pk": 13, "fields": {"password": "pbkdf2_sha256$260000$86vYFRWZ2pLYw6B0X6qvrv$MlyqhfupWcfduAANv0t2GQV2ICzv5bv0kR1UR8fwSLM=", "last_login": "2022-01-25T16:43:34.853Z", "is_superuser": false, "username": "Bosun", "first_name": "", "last_name": "", "email": "bosun2021@gmail.com", "is_staff": false, "is_active": true, "date_joined": "2022-01-25T16:43:12.819Z", "groups": [], "user_permissions": []}}, {"model": "contenttypes.contenttype", "pk": 1, "fields": {"app_label": "admin", "model": "logentry"}}, {"model": "contenttypes.contenttype", "pk": 2, "fields": {"app_label": "auth", "model": "permission"}}, {"model": "contenttypes.contenttype", "pk": 3, "fields": {"app_label": "auth", "model": "group"}}, {"model": "contenttypes.contenttype", "pk": 4, "fields": {"app_label": "auth", "model": "user"}}, {"model": "contenttypes.contenttype", "pk": 5, "fields": {"app_label": "contenttypes", "model": "contenttype"}}, {"model": "contenttypes.contenttype", "pk": 6, "fields": {"app_label": "sessions", "model": "session"}}, {"model": "contenttypes.contenttype", "pk": 7, "fields": {"app_label": "blog", "model": "post"}}, {"model": "contenttypes.contenttype", "pk": 8, "fields": {"app_label": "blog", "model": "comment"}}, {"model": "contenttypes.contenttype", "pk": 9, "fields": {"app_label": "fitly", "model": "intros"}}, {"model": "contenttypes.contenttype", "pk": 10, "fields": {"app_label": "fitly", "model": "services"}}, {"model": "contenttypes.contenttype", "pk": 11, "fields": {"app_label": "fitly", "model": "trainees"}}, {"model": "contenttypes.contenttype", "pk": 12, "fields": {"app_label": "fitly", "model": "testimonials"}}, {"model": "contenttypes.contenttype", "pk": 13, "fields": {"app_label": "fitly", "model": "footer"}}, {"model": "contenttypes.contenttype", "pk": 14, "fields": {"app_label": "community", "model": "thread"}}, {"model": "contenttypes.contenttype", "pk": 15, "fields": {"app_label": "community", "model": "replies"}}, {"model": "contenttypes.contenttype", "pk": 16, "fields": {"app_label": "community", "model": "threads"}}, {"model": "contenttypes.contenttype", "pk": 17, "fields": {"app_label": "community", "model": "reply"}}, {"model": "contenttypes.contenttype", "pk": 18, "fields": {"app_label": "thread", "model": "reply"}}, {"model": "contenttypes.contenttype", "pk": 19, "fields": {"app_label": "thread", "model": "thread"}}, {"model": "sessions.session", "pk": "3alstywicw1dnt7bs4l3cttu5wbmnlpa", "fields": {"session_data": ".eJxVjDsOwjAQBe_iGlleO-sPJT1nsNY_HEC2FCcV4u4QKQW0b2bei3na1uq3kRc_J3ZmAOz0OwaKj9x2ku7Ubp3H3tZlDnxX-EEHv_aUn5fD_TuoNOq3DqDRoaSsBKmSSRcwgAH1RMqRRJ2cddFKkICi5GC0mIo0rjgtbIjI3h_wNTdM:1mja1X:dFIquuXdmsMkDib1xmwF-7SsSaaodXjDnH1-wqqz4kY", "expire_date": "2021-11-21T04:43:19.602Z"}}, {"model": "sessions.session", "pk": "dynwrnwwiia78w58qoclj3opsbd8guyc", "fields": {"session_data": ".eJxVjEEOwiAQAP_C2RCgWxY8eu8byC5bpGrapLQn499Nkx70OjOZt0q0bzXtbVzTJOqqrLr8Mqb8HOdDyIPm-6LzMm_rxPpI9GmbHhYZX7ez_RtUavXYongmKrFDFGdDAROdA-d9L4U7BHbSQXAxZ0_WEHjsM4MJhIYRvPp8Ac1CNw0:1mMtXq:sCEoRr33q9gwoWg_9cocIuwBa14hqwQymuNOo-4b7EA", "expire_date": "2021-09-19T14:54:54.334Z"}}, {"model": "sessions.session", "pk": "e37gez315rwdxuhfed3lhvkzu6qehbyr", "fields": {"session_data": ".eJxVjEEOwiAQAP_C2RCgWxY8eu8byC5bpGrapLQn499Nkx70OjOZt0q0bzXtbVzTJOqqrLr8Mqb8HOdDyIPm-6LzMm_rxPpI9GmbHhYZX7ez_RtUavXYongmKrFDFGdDAROdA-d9L4U7BHbSQXAxZ0_WEHjsM4MJhIYRvPp8Ac1CNw0:1oKLlp:1W4c2C7mGKh3F1ruP7OO6iNgOvBb7TtMdvfIxGaxAHo", "expire_date": "2022-08-20T15:31:21.690Z"}}, {"model": "sessions.session", "pk": "ebm1y3lqwqbweoclztv7dpa069akxm2l", "fields": {"session_data": ".eJxVjMEOwiAQBf-FsyFAWaAevfcbyMKCVA0kpT0Z_9026UGvb2bem3nc1uK3nhY_E7syKdjldwwYn6kehB5Y743HVtdlDvxQ-Ek7nxql1-10_w4K9rLXIQ6js85CyBGNETYFDWFIJBSQMZAJBgmG0IFUGi0KjHb3hNNjVtqxzxcD-Dd6:1nPRNV:gMpnXQs3u_4TJOu0XI8zV1rnBW5KIxj6dM7OmyXf4vs", "expire_date": "2022-03-16T15:59:01.141Z"}}, {"model": "sessions.session", "pk": "fwkepazjzmhkdh77aqtcm09lfl5n8rko", "fields": {"session_data": ".eJxVjEEOwiAQAP_C2RCgWxY8eu8byC5bpGrapLQn499Nkx70OjOZt0q0bzXtbVzTJOqqrLr8Mqb8HOdDyIPm-6LzMm_rxPpI9GmbHhYZX7ez_RtUavXYongmKrFDFGdDAROdA-d9L4U7BHbSQXAxZ0_WEHjsM4MJhIYRvPp8Ac1CNw0:1mzhwh:GfbSVq6w0s8XSehwYu-95tX1eIyvD6-M1sIHACb37P8", "expire_date": "2022-01-04T16:24:59.931Z"}}, {"model": "sessions.session", "pk": "jrlp7yxfqx1zjz4r4iyml18e5799pxvb", "fields": {"session_data": ".eJxVjEEOwiAQAP_C2RCgWxY8eu8byC5bpGrapLQn499Nkx70OjOZt0q0bzXtbVzTJOqqrLr8Mqb8HOdDyIPm-6LzMm_rxPpI9GmbHhYZX7ez_RtUavXYongmKrFDFGdDAROdA-d9L4U7BHbSQXAxZ0_WEHjsM4MJhIYRvPp8Ac1CNw0:1mk2j9:zJpqGvN71YrBlDOcGLD2yD9laY5_S6g-AHOYGqvIqQc", "expire_date": "2021-11-22T11:22:15.340Z"}}, {"model": "sessions.session", "pk": "jrp9jmcybn5knsiusgxxmlhx5v38rxwy", "fields": {"session_data": ".eJxVjDsOwjAQBe_iGlnrT7w2JT1niNa7Dg4gR8qnQtwdIqWA9s3Me6metrX221LmfhR1Vsaq0--YiR-l7UTu1G6T5qmt85j1ruiDLvo6SXleDvfvoNJSv3Uk56BLAW2yTgYxAQKD504KO4iI4hJghiJIJsdghuALISCyd8myen8A4yM3Rw:1mvMfo:xXwWKMHXx4sn_yhNa_eDLDL2uvsLSlGieBuWqhAPm6c", "expire_date": "2021-12-23T16:53:36.303Z"}}, {"model": "sessions.session", "pk": "l3q6hey6le6pdouv2kjj97li2krif5gk", "fields": {"session_data": ".eJxVjEEOwiAQAP_C2RCgWxY8eu8byC5bpGrapLQn499Nkx70OjOZt0q0bzXtbVzTJOqqrLr8Mqb8HOdDyIPm-6LzMm_rxPpI9GmbHhYZX7ez_RtUavXYongmKrFDFGdDAROdA-d9L4U7BHbSQXAxZ0_WEHjsM4MJhIYRvPp8Ac1CNw0:1mSLye:dPMczs-Z7agBmF89I5KhtwHBKp7XtaDKfJ2B4_8OsDA", "expire_date": "2021-10-04T16:17:08.634Z"}}, {"model": "sessions.session", "pk": "rqwlin9cz0vd80uxx690aalf39qqrhjs", "fields": {"session_data": ".eJxVjEEOwiAQAP_C2RCgWxY8eu8byC5bpGrapLQn499Nkx70OjOZt0q0bzXtbVzTJOqqrLr8Mqb8HOdDyIPm-6LzMm_rxPpI9GmbHhYZX7ez_RtUavXYongmKrFDFGdDAROdA-d9L4U7BHbSQXAxZ0_WEHjsM4MJhIYRvPp8Ac1CNw0:1nCOBB:1O-VkunaRsH9ybnrry056gHQrGJf9JGm3tCX4pg6hTI", "expire_date": "2022-02-08T15:56:21.801Z"}}, {"model": "sessions.session", "pk": "t3ua0snqdls8pwzdppefcbnjcw8aud3c", "fields": {"session_data": ".eJxVjMEOwiAQBf-FsyFAWaAevfcbyMKCVA0kpT0Z_9026UGvb2bem3nc1uK3nhY_E7syKdjldwwYn6kehB5Y743HVtdlDvxQ-Ek7nxql1-10_w4K9rLXIQ6js85CyBGNETYFDWFIJBSQMZAJBgmG0IFUGi0KjHb3hNNjVtqxzxcD-Dd6:1mzhvf:VMDEnHLC_OwyMARr3uabc3RgMEXlNcyFJW2URe_pqqI", "expire_date": "2022-01-04T16:23:55.934Z"}}, {"model": "sessions.session", "pk": "ujz3ugu2qbsd29w1t3binnelpo5vufra", "fields": {"session_data": ".eJxVjEEOwiAQAP_C2RCgWxY8eu8byC5bpGrapLQn499Nkx70OjOZt0q0bzXtbVzTJOqqrLr8Mqb8HOdDyIPm-6LzMm_rxPpI9GmbHhYZX7ez_RtUavXYongmKrFDFGdDAROdA-d9L4U7BHbSQXAxZ0_WEHjsM4MJhIYRvPp8Ac1CNw0:1o6URU:y4_EiWT48NC159vDBaC9D44OtbtfiLIsANF9K4Ryj8M", "expire_date": "2022-07-13T09:57:04.690Z"}}, {"model": "blog.post", "pk": 1, "fields": {"title": "Why You Should Take Water Regularly", "slug": "post1", "intro": "Why", "body": "Scraping the content of post  by get method and creating a new  comment by create method followed by Save method saves the data of object created while creating new post in the database.\r\n\r\nThe cf object is passed into the html by context dictionary to access all the comments in HTML.\r\n\r\nFinally, for getting the data from html form, a form tag is used with method used as post, since we have to send the data to the server. The following snippet shows how the value is taken from the form in the html.Scraping the content of post  by get method and creating a new  comment by create method followed by Save method saves the data of object created while creating new post in the database.\r\n\r\nThe cf object is passed into the html by context dictionary to access all the comments in HTML.\r\n\r\nFinally, for getting the data from html form, a form tag is used with method used as post, since we have to send the data to the server. The following snippet shows how the value is taken from the form in the html.Scraping the content of post  by get method and creating a new  comment by create method followed by Save method saves the data of object created while creating new post in the database.\r\n\r\nThe cf object is passed into the html by context dictionary to access all the comments in HTML.\r\n\r\nFinally, for getting the data from html form, a form tag is used with method used as post, since we have to send the data to the server. The following snippet shows how the value is taken from the form in the html.Scraping the content of post  by get method and creating a new  comment by create method followed by Save method saves the data of object created while creating new post in the database.\r\n\r\nThe cf object is passed into the html by context dictionary to access all the comments in HTML.\r\n\r\nFinally, for getting the data from html form, a form tag is used with method used as post, since we have to send the data to the server. The following snippet shows how the value is taken from the form in the html.", "date_added": "2021-08-15T19:32:07.655Z", "image": "blog_images/pexels-kenex-media-sa-1126557_tkr2uPm.jpg"}}, {"model": "blog.post", "pk": 2, "fields": {"title": "Why You Should Do Some Workout Everyday", "slug": "post2", "intro": "Intro", "body": "Lorem ipsum dolor sit amet consectetur adipisicing elit. Laboriosam, dignissimos suscipit corrupti animi voluptates possimus perspiciatis iusto tempora molestias culpa?Lorem ipsum dolor sit amet consectetur adipisicing elit. Laboriosam, dignissimos suscipit corrupti animi voluptates possimus perspiciatis iusto tempora molestias culpa?Lorem ipsum dolor sit amet consectetur adipisicing elit. Laboriosam, dignissimos suscipit corrupti animi voluptates possimus perspiciatis iusto tempora molestias culpa?Lorem ipsum dolor sit amet consectetur adipisicing elit. Laboriosam, dignissimos suscipit corrupti animi voluptates possimus perspiciatis iusto tempora molestias culpa?Lorem ipsum dolor sit amet consectetur adipisicing elit. Laboriosam, dignissimos suscipit corrupti animi voluptates possimus perspiciatis iusto tempora molestias culpa?Lorem ipsum dolor sit amet consectetur adipisicing elit. Laboriosam, dignissimos suscipit corrupti animi voluptates possimus perspiciatis iusto tempora molestias culpa?", "date_added": "2021-08-16T16:16:51.643Z", "image": "blog_images/longPic2_q3MiZPz.jpg"}}, {"model": "blog.post", "pk": 3, "fields": {"title": "Consistent Workout Makes You Look Perfect", "slug": "post3", "intro": "Intro", "body": "Lorem ipsum dolor sit amet consectetur adipisicing elit. Laboriosam, dignissimos suscipit corrupti animi voluptates possimus perspiciatis iusto tempora molestias culpa?Lorem ipsum dolor sit amet consectetur adipisicing elit. Laboriosam, dignissimos suscipit corrupti animi voluptates possimus perspiciatis iusto tempora molestias culpa?Lorem ipsum dolor sit amet consectetur adipisicing elit. Laboriosam, dignissimos suscipit corrupti animi voluptates possimus perspiciatis iusto tempora molestias culpa?Lorem ipsum dolor sit amet consectetur adipisicing elit. Laboriosam, dignissimos suscipit corrupti animi voluptates possimus perspiciatis iusto tempora molestias culpa?Lorem ipsum dolor sit amet consectetur adipisicing elit. Laboriosam, dignissimos suscipit corrupti animi voluptates possimus perspiciatis iusto tempora molestias culpa?Lorem ipsum dolor sit amet consectetur adipisicing elit. Laboriosam, dignissimos suscipit corrupti animi voluptates possimus perspiciatis iusto tempora molestias culpa?Lorem ipsum dolor sit amet consectetur adipisicing elit. Laboriosam, dignissimos suscipit corrupti animi voluptates possimus perspiciatis iusto tempora molestias culpa?", "date_added": "2021-08-16T16:18:14.431Z", "image": "blog_images/woman-2250970_1920_wNXeWfw.jpg"}}, {"model": "blog.post", "pk": 4, "fields": {"title": "Workout In The Morning Or Evening, Which One Is Better?", "slug": "post4", "intro": "intro", "body": "Lorem ipsum dolor sit amet consectetur adipisicing elit. Laboriosam, dignissimos suscipit corrupti animi voluptates possimus perspiciatis iusto tempora molestias culpa?Lorem ipsum dolor sit amet consectetur adipisicing elit. Laboriosam, dignissimos suscipit corrupti animi voluptates possimus perspiciatis iusto tempora molestias culpa?Lorem ipsum dolor sit amet consectetur adipisicing elit. Laboriosam, dignissimos suscipit corrupti animi voluptates possimus perspiciatis iusto tempora molestias culpa?Lorem ipsum dolor sit amet consectetur adipisicing elit. Laboriosam, dignissimos suscipit corrupti animi voluptates possimus perspiciatis iusto tempora molestias culpa?Lorem ipsum dolor sit amet consectetur adipisicing elit. Laboriosam, dignissimos suscipit corrupti animi voluptates possimus perspiciatis iusto tempora molestias culpa?Lorem ipsum dolor sit amet consectetur adipisicing elit. Laboriosam, dignissimos suscipit corrupti animi voluptates possimus perspiciatis iusto tempora molestias culpa?Lorem ipsum dolor sit amet consectetur adipisicing elit. Laboriosam, dignissimos suscipit corrupti animi voluptates possimus perspiciatis iusto tempora molestias culpa?Lorem ipsum dolor sit amet consectetur adipisicing elit. Laboriosam, dignissimos suscipit corrupti animi voluptates possimus perspiciatis iusto tempora molestias culpa?Lorem ipsum dolor sit amet consectetur adipisicing elit. Laboriosam, dignissimos suscipit corrupti animi voluptates possimus perspiciatis iusto tempora molestias culpa?", "date_added": "2021-08-16T16:22:40.405Z", "image": "blog_images/longPic4.jpg"}}, {"model": "blog.comment", "pk": 1, "fields": {"post": 1, "user": 1, "content": "nice", "date_added": "2021-08-21T16:27:59.625Z"}}, {"model": "blog.comment", "pk": 2, "fields": {"post": 1, "user": 1, "content": "cool", "date_added": "2021-08-21T16:27:59.625Z"}}, {"model": "blog.comment", "pk": 4, "fields": {"post": 3, "user": 1, "content": "nice", "date_added": "2021-08-21T16:27:59.625Z"}}, {"model": "blog.comment", "pk": 5, "fields": {"post": 3, "user": 1, "content": "alright", "date_added": "2021-08-21T16:27:59.625Z"}}, {"model": "blog.comment", "pk": 8, "fields": {"post": 2, "user": 1, "content": "Nice", "date_added": "2021-08-21T16:27:59.625Z"}}, {"model": "blog.comment", "pk": 17, "fields": {"post": 2, "user": 9, "content": "Nice", "date_added": "2021-09-04T17:57:03.915Z"}}, {"model": "blog.comment", "pk": 18, "fields": {"post": 4, "user": 10, "content": "okay", "date_added": "2021-12-09T16:50:27.292Z"}}, {"model": "blog.comment", "pk": 19, "fields": {"post": 3, "user": 1, "content": "hello", "date_added": "2022-01-25T15:59:14.070Z"}}, {"model": "fitly.intros", "pk": 1, "fields": {"title": "Train Like A Beast", "content": "Lorem ipsum dolor sit amet consectetur adipisicing elit. Laboriosam, dignissimos suscipit corrupti animi voluptates possimus perspiciatis iusto tempora molestias culpa?", "img": "images/man-1282232_1920_YRzQdJm.jpg"}}, {"model": "fitly.intros", "pk": 2, "fields": {"title": "Eat Carefully", "content": "Lorem ipsum dolor sit amet consectetur adipisicing elit. Laboriosam, dignissimos suscipit corrupti animi voluptates possimus perspiciatis iusto tempora molestias culpa?", "img": "images/dark-mood-food-2983709_1920_tgxXRqx.jpg"}}, {"model": "fitly.intros", "pk": 3, "fields": {"title": "Look Like A Beauty", "content": "Lorem ipsum dolor sit amet consectetur adipisicing elit. Laboriosam, dignissimos suscipit corrupti animi voluptates possimus perspiciatis iusto tempora molestias culpa?", "img": "images/woman-2250970_1920-removebg-preview_fV6YqYX.png"}}, {"model": "fitly.services", "pk": 1, "fields": {"title": "Cardio And Weights", "content": "Lorem ipsum dolor sit amet consectetur adipisicing elit. Laboriosam, dignissimos suscipit corrupti animi voluptates possimus perspiciatis iusto tempora molestias culpa?", "img": "images/longPics3-removebg-preview.png"}}, {"model": "fitly.services", "pk": 2, "fields": {"title": "Muscle Building", "content": "Lorem ipsum dolor sit amet consectetur adipisicing elit. Laboriosam, dignissimos suscipit corrupti animi voluptates possimus perspiciatis iusto tempora molestias culpa?", "img": "images/man-5777672_1920-removebg-preview_nnshoGH.png"}}, {"model": "fitly.services", "pk": 3, "fields": {"title": "Personal Training", "content": "Lorem ipsum dolor sit amet consectetur adipisicing elit. Laboriosam, dignissimos suscipit corrupti animi voluptates possimus perspiciatis iusto tempora molestias culpa?", "img": "images/shoortPic1-removebg-preview.png"}}, {"model": "fitly.services", "pk": 4, "fields": {"title": "Group Fitness", "content": "Lorem ipsum dolor sit amet consectetur adipisicing elit. Laboriosam, dignissimos suscipit corrupti animi voluptates possimus perspiciatis iusto tempora molestias culpa?", "img": "images/longPic4-removebg-preview_JISjdUv.png"}}, {"model": "fitly.services", "pk": 5, "fields": {"title": "Love Birds", "content": "Lorem ipsum dolor sit amet consectetur adipisicing elit. Laboriosam, dignissimos suscipit corrupti animi voluptates possimus perspiciatis iusto tempora molestias culpa?", "img": "images/longPic2-removebg-preview.png"}}, {"model": "fitly.services", "pk": 6, "fields": {"title": "Food And Nutrition", "content": "Lorem ipsum dolor sit amet consectetur adipisicing elit. Laboriosam, dignissimos suscipit corrupti animi voluptates possimus perspiciatis iusto tempora molestias culpa?", "img": "images/dark-mood-food-2983709_1920_kucaJ8J.jpg"}}, {"model": "fitly.trainees", "pk": 1, "fields": {"title": "Muscle Building Faculty", "name": "Alex Robin", "img": "images/man-2037255_1920_AUAJj55.jpg"}}, {"model": "fitly.trainees", "pk": 2, "fields": {"title": "Yoga Faculty", "name": "Ariana Helen", "img": "images/woman-2250970_1920_XJopo9s.jpg"}}, {"model": "fitly.trainees", "pk": 3, "fields": {"title": "Cardio And Weights Faculty", "name": "Jack Jacobs", "img": "images/longPics3_XUgkalv.jpg"}}, {"model": "fitly.trainees", "pk": 4, "fields": {"title": "Muscle Building Faculty", "name": "Gomez Gerrald", "img": "images/man-5777672_1920_JwtqPna.png"}}, {"model": "fitly.trainees", "pk": 5, "fields": {"title": "Yoga Faculty", "name": "Selena Justin", "img": "images/yoga-2959226_1920_r2dFWBp.jpg"}}, {"model": "fitly.trainees", "pk": 6, "fields": {"title": "Nutrition Faculty", "name": "Stella And Friends", "img": "images/longPic7_10VqQy6.jpg"}}, {"model": "fitly.testimonials", "pk": 1, "fields": {"content": "Lorem ipsum dolor sit amet consectetur adipisicing elit. Laboriosam, dignissimos suscipit corrupti animi voluptates possimus perspiciatis iusto tempora molestias culpa?", "name": "Geralld Sergio", "title": "", "img": "images/buyer2_5fRdBAA.jpg"}}, {"model": "fitly.testimonials", "pk": 2, "fields": {"content": "Lorem ipsum dolor sit amet consectetur adipisicing elit. Laboriosam, dignissimos suscipit corrupti animi voluptates possimus perspiciatis iusto tempora molestias culpa?", "name": "Indian Man", "title": "", "img": "images/buyer8_8sr5zDu.jpg"}}, {"model": "fitly.testimonials", "pk": 3, "fields": {"content": "Lorem ipsum dolor sit amet consectetur adipisicing elit. Laboriosam, dignissimos suscipit corrupti animi voluptates possimus perspiciatis iusto tempora molestias culpa?", "name": "Jaden Rollins", "title": "", "img": "images/buyer5_Ajji2ol.jpg"}}, {"model": "fitly.testimonials", "pk": 4, "fields": {"content": "Lorem ipsum dolor sit amet consectetur adipisicing elit. Laboriosam, dignissimos suscipit corrupti animi voluptates possimus perspiciatis iusto tempora molestias culpa?", "name": "Emilly Jacobs", "title": "", "img": "images/team-person4-900x973.jpg"}}, {"model": "fitly.footer", "pk": 1, "fields": {"about": "Lorem ipsum dolor sit amet consectetur adipisicing elit. Laboriosam, dignissimos suscipit corrupti animi voluptates possimus perspiciatis iusto tempora molestias culpa?", "address": "Lorem ipsum dolor sit amet consectetur adipisicing elit. Laboriosam, dignissimos suscipit corrupti animi voluptates possimus perspiciatis iusto tempora molestias culpa?", "gmail": "adebimpehabeeb10@gmail.com", "phone": "+234902 514 0508", "copywrite_year": "2021"}}, {"model": "thread.thread", "pk": 20, "fields": {"user": 1, "content": "My Content", "date": "2021-11-08T17:43:21.738Z", "title": "title"}}, {"model": "thread.thread", "pk": 21, "fields": {"user": 10, "content": "Lorem ipsum dolor sit amet consectetur adipisicing elit. Laboriosam, dignissimos suscipit corrupti animi voluptates possimus perspiciatis iusto tempora molestias culpa?", "date": "2021-12-09T16:51:10.105Z", "title": "New Thread"}}, {"model": "thread.thread", "pk": 22, "fields": {"user": 1, "content": "Lorem ipsum dolor sit amet consectetur adipisicing elit. Laboriosam, dignissimos suscipit corrupti animi voluptates possimus perspiciatis iusto tempora molestias culpa?", "date": "2021-12-21T16:17:46.842Z", "title": "Todays Note"}}, {"model": "thread.thread", "pk": 23, "fields": {"user": 1, "content": "jw jfksjks", "date": "2022-01-25T15:53:31.672Z", "title": "jjrvs"}}, {"model": "thread.thread", "pk": 24, "fields": {"user": 1, "content": "what's up vawelence lovers", "date": "2022-06-29T10:00:14.792Z", "title": "how to "}}, {"model": "thread.thread", "pk": 25, "fields": {"user": 1, "content": ";Q2LEq2", "date": "2022-08-06T15:33:18.500Z", "title": "weklwkEkle"}}, {"model": "thread.reply", "pk": 20, "fields": {"user": 10, "thread": 21, "content": "cool", "date_added": "2021-12-09T16:51:25.658Z"}}, {"model": "thread.reply", "pk": 21, "fields": {"user": 1, "thread": 22, "content": "ok", "date_added": "2021-12-21T16:18:18.922Z"}}, {"model": "thread.reply", "pk": 22, "fields": {"user": 1, "thread": 21, "content": "Ok", "date_added": "2022-01-27T15:57:11.015Z"}}, {"model": "thread.reply", "pk": 23, "fields": {"user": 1, "thread": 23, "content": "Lorem ipsum dolor sit amet consectetur adipisicing elit. Laboriosam, dignissimos suscipit corrupti animi voluptates possimus perspiciatis iusto tempora molestias culpa?", "date_added": "2022-06-29T09:57:33.409Z"}}, {"model": "thread.reply", "pk": 24, "fields": {"user": 1, "thread": 23, "content": "ok", "date_added": "2022-06-29T09:57:45.043Z"}}, {"model": "thread.reply", "pk": 25, "fields": {"user": 1, "thread": 24, "content": "we dey o", "date_added": "2022-06-29T10:00:29.669Z"}}]